date,home,away,predicted_margin,actual_margin,predicted_win_prob,model_correct,margin_error,predicted_total,actual_total,total_error,confidence,games_used_home,games_used_away
2024-05-25,LA,IND,5.41,-5.0,0.6689,False,10.41,149.2,151.0,1.8000000000000114,Medium,3,5
2024-05-25,MIN,NY,-0.09,17.0,0.4971,False,17.09,174.1,151.0,23.099999999999994,Low,3,5
2024-05-26,LV,IND,8.85,19.0,0.7596,True,10.15,167.7,179.0,11.300000000000011,High,3,6
2024-05-26,SEA,WAS,2.3,32.0,0.5742,True,29.7,150.5,170.0,19.5,Low,5,5
2024-05-28,CON,PHX,5.08,23.0,0.6594,True,17.92,175.7,117.0,58.69999999999999,Medium,5,5
2024-05-28,IND,LA,-0.17,-6.0,0.4945,True,5.83,151.0,170.0,19.0,Low,7,5
2024-05-29,CHI,SEA,1.8,-9.0,0.5583,False,10.8,165.3,145.0,20.30000000000001,Low,4,6
2024-05-29,NY,PHX,8.01,3.0,0.7391,True,5.01,162.6,159.0,3.5999999999999943,High,6,6
2024-05-29,WAS,ATL,-1.66,-6.0,0.4462,True,4.34,157.3,140.0,17.30000000000001,Low,6,4
2024-05-30,MIN,LV,3.68,-14.0,0.6173,False,17.68,174.8,146.0,28.80000000000001,Medium,5,4
2024-05-30,IND,SEA,-2.86,-15.0,0.408,True,12.14,159.5,191.0,31.5,Low,8,7
2024-05-31,CHI,LA,2.77,10.0,0.5889,True,7.23,157.7,156.0,1.6999999999999886,Low,5,6
2024-05-31,ATL,LV,1.12,4.0,0.5364,True,2.88,172.8,152.0,20.80000000000001,Low,5,5
2024-05-31,CON,DAL,5.17,2.0,0.6621,True,3.17,169.9,146.0,23.900000000000006,Medium,6,5
2024-05-31,NY,WAS,7.77,11.0,0.7332,True,3.2300000000000004,153.7,169.0,15.300000000000011,High,7,7
2024-06-01,MIN,PHX,6.25,24.0,0.6926,True,17.75,166.7,166.0,0.6999999999999886,Medium,6,7
2024-06-01,IND,CHI,-2.67,1.0,0.4141,False,3.67,160.7,141.0,19.69999999999999,Low,9,6
2024-06-02,ATL,CON,-0.93,-19.0,0.4698,True,18.07,161.3,119.0,42.30000000000001,Low,6,7
2024-06-02,PHX,LA,0.44,19.0,0.5144,True,18.56,159.2,155.0,4.199999999999989,Low,8,7
2024-06-02,NY,IND,11.28,36.0,0.8126,True,24.72,162.8,172.0,9.199999999999989,High,8,10
2024-06-02,MIN,DAL,5.06,11.0,0.6588,True,5.94,170.8,163.0,7.800000000000011,Medium,7,6
2024-06-04,CON,WAS,9.35,17.0,0.7712,True,7.65,151.6,135.0,16.599999999999994,High,8,8
2024-06-05,CHI,NY,-1.97,-13.0,0.4365,True,11.03,163.7,163.0,0.6999999999999886,Low,7,9
2024-06-05,SEA,PHX,6.47,18.0,0.6988,True,11.530000000000001,166.6,142.0,24.599999999999994,Medium,8,9
2024-06-06,DAL,LV,-0.93,-14.0,0.4697,True,13.07,172.1,176.0,3.9000000000000057,Low,7,6
2024-06-06,LA,MIN,-4.26,-24.0,0.3649,True,19.740000000000002,163.6,148.0,15.599999999999994,Medium,8,8
2024-06-06,WAS,CHI,-0.91,-8.0,0.4705,True,7.09,150.0,150.0,0.0,Low,9,8
2024-06-06,ATL,NY,-1.3,-17.0,0.4579,True,15.7,160.7,139.0,21.69999999999999,Low,7,10
2024-06-07,WAS,IND,2.7,-2.0,0.5867,False,4.7,155.7,168.0,12.300000000000011,Low,10,11
2024-06-08,LV,SEA,2.02,-13.0,0.5654,False,15.02,170.9,143.0,27.900000000000006,Low,7,9
2024-06-08,LA,DAL,-0.71,9.0,0.4771,False,9.71,160.1,153.0,7.099999999999994,Low,9,8
2024-06-08,PHX,MIN,-5.67,1.0,0.3236,False,6.67,164.7,161.0,3.6999999999999886,Medium,10,9
2024-06-08,CON,NY,2.53,-7.0,0.5816,False,9.53,159.0,157.0,2.0,Low,9,11
2024-06-08,CHI,ATL,3.39,-9.0,0.6084,False,12.39,151.7,169.0,17.30000000000001,Medium,9,8
2024-06-09,NY,WAS,11.88,5.0,0.8241,True,6.880000000000001,157.1,181.0,23.900000000000006,High,12,11
2024-06-09,DAL,PHX,4.54,-7.0,0.6435,False,11.54,162.2,187.0,24.80000000000001,Medium,9,11
2024-06-09,MIN,SEA,4.65,19.0,0.6467,True,14.35,164.7,147.0,17.69999999999999,Medium,10,10
2024-06-10,LA,LV,-2.85,4.0,0.4085,False,6.85,161.8,188.0,26.19999999999999,Low,10,8
2024-06-10,CON,IND,12.31,17.0,0.832,True,4.6899999999999995,158.0,161.0,3.0,High,10,12
2024-06-11,ATL,WAS,5.6,-19.0,0.6744,False,24.6,151.2,155.0,3.8000000000000114,Medium,9,12
2024-06-12,LV,MIN,-1.82,-14.0,0.4411,True,12.18,168.8,186.0,17.19999999999999,Low,9,11
2024-06-12,SEA,LA,6.61,16.0,0.7026,True,9.39,159.2,174.0,14.800000000000011,High,11,11
2024-06-13,CHI,CON,-2.6,-8.0,0.4163,True,5.4,154.6,158.0,3.4000000000000057,Low,10,11
2024-06-13,IND,ATL,-2.54,7.0,0.4183,False,9.54,157.0,175.0,18.0,Low,13,10
2024-06-13,DAL,SEA,-0.53,-8.0,0.4828,True,7.47,163.5,176.0,12.5,Low,10,12
2024-06-14,PHX,LV,-0.54,-4.0,0.4826,True,3.46,168.0,202.0,34.0,Low,12,10
2024-06-14,WAS,CHI,0.98,2.0,0.5318,True,1.02,153.5,164.0,10.5,Low,13,11
2024-06-14,MIN,LA,10.8,5.0,0.8028,True,5.800000000000001,162.3,157.0,5.300000000000011,High,12,12
2024-06-15,DAL,CON,-5.04,-18.0,0.342,True,12.96,160.1,152.0,8.099999999999994,Medium,11,12
2024-06-15,LV,NY,-3.35,-8.0,0.3927,True,4.65,169.4,172.0,2.5999999999999943,Medium,11,13
2024-06-16,IND,CHI,-3.15,8.0,0.3991,False,11.15,160.4,174.0,13.599999999999994,Medium,14,12
2024-06-16,PHX,SEA,-3.25,9.0,0.3959,False,12.25,164.1,165.0,0.9000000000000057,Medium,13,13
2024-06-16,ATL,LA,3.14,13.0,0.6008,True,9.86,155.3,161.0,5.699999999999989,Medium,11,13
2024-06-18,MIN,DAL,10.34,12.0,0.7931,True,1.6600000000000001,166.1,168.0,1.9000000000000057,High,13,12
2024-06-18,CON,LA,10.97,9.0,0.8064,True,1.9700000000000006,154.8,149.0,5.800000000000011,High,13,14
2024-06-19,PHX,NY,-5.47,6.0,0.3295,False,11.469999999999999,167.1,192.0,24.900000000000006,Medium,14,14
2024-06-19,IND,WAS,-0.43,7.0,0.4862,False,7.43,160.0,169.0,9.0,Low,15,14
2024-06-20,MIN,ATL,8.39,13.0,0.7485,True,4.609999999999999,159.5,123.0,36.5,High,14,12
2024-06-20,LV,SEA,0.0,11.0,0.5,False,11.0,170.2,177.0,6.800000000000011,Low,12,14
2024-06-20,CHI,DAL,4.41,11.0,0.6397,True,6.59,162.0,155.0,7.0,Medium,13,13
2024-06-20,NY,LA,10.91,13.0,0.8052,True,2.09,163.5,173.0,9.5,High,15,15
2024-06-21,ATL,IND,4.95,-12.0,0.6556,False,16.95,157.3,170.0,12.699999999999989,Medium,13,16
2024-06-22,LV,CON,-3.76,11.0,0.3802,False,14.76,163.0,159.0,4.0,Medium,13,14
2024-06-22,WAS,DAL,1.56,28.0,0.5506,True,26.44,159.3,166.0,6.699999999999989,Low,15,14
2024-06-22,NY,LA,11.58,10.0,0.8185,True,1.58,164.9,186.0,21.099999999999994,High,16,16
2024-06-23,MIN,PHX,9.81,13.0,0.7816,True,3.1899999999999995,164.4,133.0,31.400000000000006,High,15,15
2024-06-23,ATL,NY,-4.33,-21.0,0.3629,True,16.67,160.4,171.0,10.599999999999994,Medium,14,17
2024-06-23,WAS,DAL,4.95,8.0,0.6556,True,3.05,158.6,176.0,17.400000000000006,Medium,16,15
2024-06-23,SEA,CON,0.55,11.0,0.5177,True,10.45,155.6,133.0,22.599999999999994,Low,15,15
2024-06-23,CHI,IND,5.77,1.0,0.6791,True,4.77,161.9,175.0,13.099999999999994,Medium,14,17
2024-06-26,NY,MIN,1.39,-5.0,0.545,False,6.39,166.0,183.0,17.0,Low,18,16
2024-06-27,DAL,MIN,-6.94,6.0,0.2887,False,12.940000000000001,162.6,182.0,19.400000000000006,High,16,17
2024-06-27,WAS,CON,-4.32,-3.0,0.3632,True,1.3200000000000003,153.9,185.0,31.099999999999994,Medium,17,16
2024-06-27,CHI,LV,-0.01,-12.0,0.4996,True,11.99,167.3,178.0,10.699999999999989,Low,15,14
2024-06-28,SEA,IND,8.67,12.0,0.7552,True,3.33,164.4,166.0,1.5999999999999943,High,16,18
2024-06-28,CON,ATL,8.41,-4.0,0.749,False,12.41,150.7,152.0,1.3000000000000114,High,17,15
2024-06-29,PHX,LA,4.58,14.0,0.6445,True,9.42,163.2,170.0,6.800000000000011,Medium,16,17
2024-06-29,WAS,LV,-2.06,-11.0,0.4334,True,8.94,169.7,165.0,4.699999999999989,Low,18,15
2024-06-30,SEA,DAL,8.67,21.0,0.7554,True,12.33,164.8,173.0,8.199999999999989,High,17,17
2024-06-30,NY,ATL,10.85,6.0,0.8039,True,4.85,162.9,156.0,6.900000000000006,High,19,16
2024-06-30,CHI,MIN,-4.81,-8.0,0.3486,True,3.1900000000000004,162.2,132.0,30.19999999999999,Medium,16,18
2024-06-30,PHX,IND,5.35,-6.0,0.6672,False,11.35,166.7,170.0,3.3000000000000114,Medium,17,19
2024-07-02,PHX,CON,-4.26,-11.0,0.3651,True,6.74,160.5,155.0,5.5,Medium,18,18
2024-07-02,SEA,DAL,9.93,24.0,0.7843,True,14.07,164.6,166.0,1.4000000000000057,High,18,18
2024-07-02,NY,MIN,1.48,9.0,0.548,True,7.52,167.0,143.0,24.0,Low,20,19
2024-07-02,ATL,CHI,0.43,-8.0,0.514,False,8.43,155.7,162.0,6.300000000000011,Low,17,17
2024-07-03,LV,IND,8.8,19.0,0.7583,True,10.2,173.6,157.0,16.599999999999994,High,16,20
2024-07-03,LA,WAS,-0.3,-2.0,0.4904,True,1.7,162.6,162.0,0.5999999999999943,Low,18,19
2024-07-04,DAL,PHX,-1.5,-8.0,0.4514,True,6.5,167.2,200.0,32.80000000000001,Low,19,19
2024-07-05,MIN,CON,2.87,-5.0,0.5922,False,7.87,156.8,151.0,5.800000000000011,Low,20,19
2024-07-05,LV,WAS,7.14,21.0,0.7168,True,13.86,170.8,175.0,4.199999999999989,High,17,20
2024-07-05,DAL,ATL,-0.62,3.0,0.4799,False,3.62,161.4,167.0,5.599999999999994,Low,20,18
2024-07-06,LA,LV,-4.47,5.0,0.3587,False,9.469999999999999,170.4,191.0,20.599999999999994,Medium,19,18
2024-07-06,SEA,CHI,6.78,-4.0,0.707,False,10.780000000000001,162.0,172.0,10.0,High,19,18
2024-07-06,IND,NY,-8.79,5.0,0.2417,False,13.79,170.6,161.0,9.599999999999994,High,21,21
2024-07-07,MIN,WAS,9.85,7.0,0.7826,True,2.8499999999999996,161.8,141.0,20.80000000000001,High,21,21
2024-07-07,CON,ATL,9.0,13.0,0.7631,True,4.0,154.1,147.0,7.099999999999994,High,20,19
2024-07-07,LV,DAL,10.65,19.0,0.7996,True,8.35,174.4,189.0,14.599999999999994,High,19,21
2024-07-07,SEA,CHI,7.62,13.0,0.7293,True,5.38,163.2,155.0,8.199999999999989,High,20,19
2024-07-07,LA,PHX,-1.53,-6.0,0.4503,True,4.47,169.2,162.0,7.199999999999989,Low,20,20
2024-07-10,LA,MIN,-7.42,-15.0,0.2759,True,7.58,159.8,149.0,10.800000000000011,High,21,22
2024-07-10,CON,NY,1.62,-3.0,0.5524,False,4.62,163.6,139.0,24.599999999999994,Low,21,22
2024-07-10,IND,WAS,0.64,-5.0,0.5208,False,5.64,164.0,173.0,9.0,Low,22,22
2024-07-10,CHI,ATL,4.15,9.0,0.6316,True,4.85,156.6,147.0,9.599999999999994,Medium,20,20
2024-07-10,SEA,LV,2.58,-5.0,0.5832,False,7.58,172.3,163.0,9.300000000000011,Low,21,20
2024-07-10,PHX,DAL,6.34,16.0,0.6952,True,9.66,171.9,184.0,12.099999999999994,Medium,21,22
2024-07-11,NY,CHI,9.36,15.0,0.7714,True,5.640000000000001,164.1,167.0,2.9000000000000057,High,23,21
2024-07-12,ATL,LV,-5.27,-14.0,0.3352,True,8.73,164.9,154.0,10.900000000000006,Medium,21,21
2024-07-12,IND,PHX,-1.84,9.0,0.4404,False,10.84,170.2,181.0,10.800000000000011,Low,23,22
2024-07-13,SEA,MIN,0.12,28.0,0.5039,True,27.88,160.2,154.0,6.199999999999989,Low,22,23
2024-07-13,CHI,NY,-4.82,-14.0,0.3484,True,9.18,164.8,148.0,16.80000000000001,Medium,22,24
2024-07-13,DAL,LA,1.08,-6.0,0.535,False,7.08,167.5,168.0,0.5,Low,23,22
2024-07-14,CON,PHX,8.1,27.0,0.7413,True,18.9,161.6,165.0,3.4000000000000057,High,22,23
2024-07-14,WAS,LV,-4.26,-12.0,0.3651,True,7.74,170.3,166.0,4.300000000000011,Medium,23,22
2024-07-14,MIN,IND,10.56,-7.0,0.7978,False,17.560000000000002,160.6,155.0,5.599999999999994,High,24,24
2024-07-14,SEA,ATL,9.99,11.0,0.7857,True,1.0099999999999998,157.7,151.0,6.699999999999989,High,23,22
2024-07-16,WAS,PHX,0.63,-9.0,0.5204,False,9.63,167.6,183.0,15.400000000000006,Low,24,24
2024-07-16,LA,SEA,-6.93,-6.0,0.2888,True,0.9299999999999997,163.6,172.0,8.400000000000006,High,23,24
2024-07-16,NY,CON,2.4,8.0,0.5773,True,5.6,160.0,156.0,4.0,Low,25,23
2024-07-17,LV,CHI,7.87,-8.0,0.7356,False,15.870000000000001,166.6,178.0,11.400000000000006,High,23,23
2024-07-17,MIN,ATL,9.82,7.0,0.7819,True,2.8200000000000003,153.3,165.0,11.699999999999989,High,25,23
2024-07-17,DAL,IND,-0.05,8.0,0.4983,False,8.05,170.4,194.0,23.599999999999994,Low,24,25
2024-08-16,CHI,PHX,2.0,-20.0,0.5645,False,22.0,165.2,150.0,15.199999999999989,Low,24,25
2024-08-16,MIN,WAS,9.27,11.0,0.7694,True,1.7300000000000004,160.8,147.0,13.800000000000011,High,26,25
2024-08-16,LA,NY,-8.39,-35.0,0.2514,True,26.61,165.0,171.0,6.0,High,24,26
2024-08-16,ATL,SEA,-6.5,2.0,0.3006,False,8.5,157.7,164.0,6.300000000000011,Medium,24,25
2024-08-16,IND,PHX,-0.54,9.0,0.4824,False,9.54,170.3,187.0,16.69999999999999,Low,26,25
2024-08-17,DAL,CON,-8.01,-18.0,0.2609,True,9.99,164.7,200.0,35.30000000000001,High,25,24
2024-08-17,WAS,MIN,-4.37,-16.0,0.3617,True,11.629999999999999,157.9,182.0,24.099999999999994,Medium,26,27
2024-08-17,LV,NY,0.77,-12.0,0.525,False,12.77,167.4,146.0,21.400000000000006,Low,24,27
2024-08-17,LA,CHI,-0.0,-4.0,0.4999,True,4.0,160.3,176.0,15.699999999999989,Low,25,25
2024-08-18,ATL,CON,-5.3,12.0,0.3343,False,17.3,153.6,152.0,1.5999999999999943,Medium,25,25
2024-08-18,IND,SEA,-6.12,17.0,0.3109,False,23.12,168.1,167.0,1.0999999999999943,Medium,27,26
2024-08-18,LV,LA,12.21,16.0,0.8302,True,3.789999999999999,169.2,158.0,11.199999999999989,High,25,26
2024-08-19,PHX,CHI,2.73,18.0,0.5879,True,15.27,165.4,154.0,11.400000000000006,Low,27,26
2024-08-20,CON,LA,11.83,8.0,0.8231,True,3.83,160.9,130.0,30.900000000000006,High,26,27
2024-08-20,NY,DAL,14.97,20.0,0.875,True,5.029999999999999,170.9,168.0,2.9000000000000057,High,28,26
2024-08-20,WAS,SEA,-5.54,-6.0,0.3274,True,0.45999999999999996,164.5,160.0,4.5,Medium,27,27
2024-08-21,ATL,PHX,-1.06,9.0,0.4655,False,10.06,162.2,135.0,27.19999999999999,Low,26,28
2024-08-22,LV,MIN,0.71,-11.0,0.5232,False,11.71,164.1,185.0,20.900000000000006,Low,26,28
2024-08-22,NY,DAL,15.68,8.0,0.8848,True,7.68,170.0,150.0,20.0,High,29,27
2024-08-23,ATL,PHX,-0.5,-2.0,0.4838,True,1.5,160.3,162.0,1.6999999999999886,Low,27,29
2024-08-23,CON,CHI,8.6,2.0,0.7536,True,6.6,156.2,162.0,5.800000000000011,High,27,27
2024-08-23,WAS,LA,3.8,6.0,0.6209,True,2.2,161.3,154.0,7.300000000000011,Medium,28,28
2024-08-24,MIN,LV,3.82,13.0,0.6216,True,9.18,167.1,161.0,6.099999999999994,Medium,29,27
2024-08-24,NY,CON,5.4,-8.0,0.6685,False,13.4,157.5,136.0,21.5,Medium,30,28
2024-08-25,MIN,IND,9.58,10.0,0.7765,True,0.41999999999999993,165.7,170.0,4.300000000000011,High,30,28
2024-08-25,CHI,LV,-1.89,-2.0,0.4387,True,0.1100000000000001,165.5,152.0,13.5,Low,28,28
2024-08-25,DAL,LA,1.68,3.0,0.5545,True,1.32,167.6,223.0,55.400000000000006,Low,28,29
2024-08-26,ATL,IND,3.63,-5.0,0.6159,False,8.629999999999999,160.0,163.0,3.0,Medium,28,29
2024-08-27,PHX,NY,-5.68,-14.0,0.3233,True,8.32,164.1,154.0,10.099999999999994,Medium,30,31
2024-08-27,SEA,WAS,9.99,-2.0,0.7856,False,11.99,162.9,146.0,16.900000000000006,High,28,29
2024-08-28,DAL,LV,-7.3,3.0,0.2791,False,10.3,175.8,183.0,7.199999999999989,High,29,29
2024-08-28,IND,CON,-6.26,4.0,0.307,False,10.26,161.8,164.0,2.1999999999999886,Medium,30,29
2024-08-29,CHI,WAS,3.78,-4.0,0.6204,False,7.779999999999999,158.5,144.0,14.5,Medium,29,30
2024-08-29,LA,NY,-9.9,6.0,0.2165,False,15.9,161.7,182.0,20.30000000000001,High,30,32
2024-08-29,PHX,MIN,-4.91,-13.0,0.3457,True,8.09,164.3,165.0,0.6999999999999886,Medium,31,31
2024-08-29,SEA,ATL,8.75,4.0,0.7572,True,4.75,156.5,166.0,9.5,High,29,29
2024-08-30,CHI,IND,2.49,-19.0,0.5803,False,21.490000000000002,163.5,181.0,17.5,Low,30,31
2024-08-30,DAL,MIN,-8.03,18.0,0.2604,False,26.03,171.0,170.0,1.0,High,30,32
2024-08-31,LV,ATL,8.02,11.0,0.7393,True,2.9800000000000004,161.3,155.0,6.300000000000011,High,30,30
2024-08-31,SEA,NY,-0.84,-13.0,0.4728,True,12.16,162.4,183.0,20.599999999999994,Low,30,33
2024-08-31,WAS,CON,-5.41,-11.0,0.3309,True,5.59,155.8,181.0,25.19999999999999,Medium,31,30
2024-09-01,CON,SEA,4.66,7.0,0.647,True,2.34,159.6,179.0,19.400000000000006,Medium,31,31
2024-09-01,MIN,CHI,9.24,5.0,0.7689,True,4.24,161.5,153.0,8.5,High,33,31
2024-09-01,DAL,IND,-0.91,-7.0,0.4706,True,6.09,176.6,193.0,16.400000000000006,Low,31,32
2024-09-01,PHX,LV,-0.56,-18.0,0.4819,True,17.44,166.8,176.0,9.199999999999989,Low,32,31
2024-09-01,LA,ATL,2.28,-18.0,0.5736,False,20.28,157.7,142.0,15.699999999999989,Low,31,31
2024-09-03,CON,SEA,3.69,-7.0,0.6178,False,10.69,162.5,135.0,27.5,Medium,32,32
2024-09-04,DAL,WAS,0.43,-4.0,0.514,False,4.43,170.8,176.0,5.199999999999989,Low,32,32
2024-09-04,LV,CHI,8.0,19.0,0.739,True,11.0,164.4,161.0,3.4000000000000057,High,32,32
2024-09-04,PHX,ATL,3.34,8.0,0.6069,True,4.66,158.1,140.0,18.099999999999994,Medium,33,32
2024-09-04,IND,LA,5.64,7.0,0.6756,True,1.3600000000000003,169.4,179.0,9.599999999999994,Medium,33,32
2024-09-05,NY,SEA,6.13,7.0,0.6893,True,0.8700000000000001,163.9,147.0,16.900000000000006,Medium,34,33
2024-09-06,PHX,WAS,3.8,-13.0,0.6209,False,16.8,162.1,167.0,4.900000000000006,Medium,34,33
2024-09-06,ATL,DAL,3.72,11.0,0.6186,True,7.279999999999999,165.3,203.0,37.69999999999999,Medium,33,33
2024-09-06,CON,LV,3.12,-5.0,0.5999,False,8.120000000000001,164.2,139.0,25.19999999999999,Low,33,33
2024-09-06,IND,MIN,-5.49,-11.0,0.3289,True,5.51,169.8,187.0,17.19999999999999,Medium,34,34
2024-09-07,CHI,LA,4.4,14.0,0.6391,True,9.6,161.3,170.0,8.699999999999989,Medium,33,33
2024-09-08,SEA,PHX,6.75,24.0,0.7063,True,17.25,162.2,156.0,6.199999999999989,High,34,35
2024-09-08,WAS,MIN,-5.72,-7.0,0.3221,True,1.2800000000000002,164.4,149.0,15.400000000000006,Medium,34,35
2024-09-08,IND,ATL,2.81,4.0,0.5902,True,1.19,165.5,204.0,38.5,Low,35,34
2024-09-08,NY,LV,5.34,4.0,0.6668,True,1.3399999999999999,164.8,146.0,18.80000000000001,Medium,35,34
2024-09-08,CHI,DAL,4.39,15.0,0.6389,True,10.61,170.4,169.0,1.4000000000000057,Medium,34,34
2024-09-09,LA,CON,-7.65,-12.0,0.27,True,4.35,160.2,146.0,14.199999999999989,High,34,34
2024-09-10,ATL,MIN,-5.49,-12.0,0.3288,True,6.51,161.7,140.0,21.69999999999999,Medium,35,36
2024-09-11,DAL,NY,-10.67,-14.0,0.1999,True,3.33,172.1,196.0,23.900000000000006,High,35,36
2024-09-11,LA,CON,-7.91,-20.0,0.2633,True,12.09,157.4,152.0,5.400000000000006,High,35,35
2024-09-11,IND,LV,-3.73,-11.0,0.3811,True,7.27,173.0,161.0,12.0,Medium,36,35
2024-09-12,CHI,WAS,2.65,-31.0,0.5854,False,33.65,159.2,147.0,12.199999999999989,Low,35,35
2024-09-12,LA,SEA,-8.16,-8.0,0.2573,True,0.16000000000000014,161.4,172.0,10.599999999999994,High,36,35
2024-09-13,DAL,NY,-11.05,-32.0,0.192,True,20.95,173.3,166.0,7.300000000000011,High,36,37
2024-09-13,ATL,WAS,3.1,-3.0,0.5996,False,6.1,156.9,141.0,15.900000000000006,Low,36,36
2024-09-13,IND,LV,-4.08,-4.0,0.3705,True,0.08000000000000007,172.1,152.0,20.099999999999994,Medium,37,36
2024-09-13,DAL,SEA,-6.18,-2.0,0.3094,True,4.18,171.3,164.0,7.300000000000011,Medium,36,36
2024-09-13,MIN,CHI,11.66,17.0,0.8199,True,5.34,160.3,149.0,11.300000000000011,High,37,36
2024-09-14,PHX,CON,-4.24,-19.0,0.3656,True,14.76,157.0,157.0,0.0,Medium,36,36
2024-09-15,IND,DAL,6.09,1.0,0.6881,True,5.09,178.6,219.0,40.400000000000006,Medium,38,38
2024-09-15,NY,MIN,3.82,-9.0,0.6218,False,12.82,164.8,167.0,2.1999999999999886,Medium,38,38
2024-09-15,WAS,ATL,2.85,-3.0,0.5914,False,5.85,156.3,149.0,7.300000000000011,Low,37,37
2024-09-15,CHI,PHX,2.55,-5.0,0.5821,False,7.55,157.1,181.0,23.900000000000006,Low,37,37
2024-09-15,LV,CON,1.61,13.0,0.552,True,11.39,158.9,155.0,3.9000000000000057,Low,37,37
2024-09-15,SEA,LA,11.67,3.0,0.8201,True,8.67,162.3,177.0,14.699999999999989,High,37,37
2024-09-17,CON,MIN,1.38,-2.0,0.5447,False,3.38,157.7,154.0,3.6999999999999886,Low,38,39
2024-09-17,WAS,NY,-7.08,-16.0,0.2848,True,8.92,161.0,158.0,3.0,High,38,39
2024-09-17,ATL,CHI,2.31,16.0,0.5745,True,13.69,156.5,156.0,0.5,Low,38,38
2024-09-18,SEA,LV,1.72,-13.0,0.5558,False,14.72,164.1,157.0,7.099999999999994,Low,38,38
2024-09-18,LA,PHX,-1.83,-4.0,0.4409,True,2.17,163.3,166.0,2.6999999999999886,Low,38,38
2024-09-19,CON,CHI,9.61,33.0,0.7772,True,23.39,156.2,141.0,15.199999999999989,High,39,39
2024-09-19,NY,ATL,11.37,-11.0,0.8143,False,22.369999999999997,161.2,145.0,16.19999999999999,High,40,39
2024-09-19,WAS,IND,0.96,1.0,0.5312,True,0.040000000000000036,167.4,183.0,15.599999999999994,Low,39,39
2024-09-20,MIN,LA,13.35,-17.0,0.8502,False,30.35,163.8,119.0,44.80000000000001,High,40,39
2024-09-20,LV,DAL,11.93,14.0,0.825,True,2.0700000000000003,173.6,182.0,8.400000000000006,High,39,39
2024-09-20,PHX,SEA,-3.46,-19.0,0.3895,True,15.54,163.9,159.0,4.900000000000006,Medium,39,39
2025-05-16,WAS,ATL,1.9,4.0,0.5613,True,2.1,156.0,184.0,28.0,Low,40,40
2025-05-16,DAL,MIN,-9.32,-15.0,0.2294,True,5.68,169.7,183.0,13.300000000000011,High,40,41
2025-05-17,NY,LV,4.81,14.0,0.6514,True,9.190000000000001,165.3,170.0,4.699999999999989,Medium,41,40
2025-05-17,IND,CHI,4.18,35.0,0.6325,True,30.82,169.0,151.0,18.0,Medium,40,40
2025-05-18,PHX,SEA,-4.09,22.0,0.3703,False,26.09,163.5,140.0,23.5,Medium,40,40
2025-05-18,CON,WAS,9.66,-5.0,0.7784,False,14.66,157.2,175.0,17.80000000000001,High,40,41
2025-05-18,LA,MIN,-8.18,-14.0,0.2566,True,5.82,157.9,164.0,6.099999999999994,High,41,42
2025-05-20,DAL,SEA,-6.89,-8.0,0.2899,True,1.1100000000000003,171.8,150.0,21.80000000000001,High,41,41
2025-05-20,CON,LV,3.29,-25.0,0.6054,False,28.29,159.4,149.0,10.400000000000006,Medium,41,41
2025-05-20,IND,ATL,2.97,-1.0,0.5953,False,3.97,168.1,181.0,12.900000000000006,Low,41,41
2025-05-22,MIN,DAL,14.49,4.0,0.8681,True,10.49,169.3,166.0,3.3000000000000114,High,43,42
2025-05-22,PHX,LA,5.31,3.0,0.666,True,2.3099999999999996,160.1,175.0,14.900000000000006,Medium,41,42
2025-05-22,ATL,IND,1.09,-5.0,0.5354,False,6.09,169.7,157.0,12.699999999999989,Low,42,42
2025-05-23,CHI,NY,-9.44,-25.0,0.2268,True,15.56,161.6,173.0,11.400000000000006,High,41,42
2025-05-23,MIN,CON,2.19,6.0,0.5707,True,3.81,155.1,146.0,9.099999999999994,Low,44,42
2025-05-24,LV,WAS,8.98,3.0,0.7626,True,5.98,161.8,147.0,14.800000000000011,High,42,43
2025-05-24,SEA,PHX,7.7,7.0,0.7313,True,0.7000000000000002,160.7,147.0,13.699999999999989,High,42,42
2025-05-24,IND,NY,-5.72,-2.0,0.3223,True,3.7199999999999998,171.9,178.0,6.099999999999994,Medium,43,43
2025-05-24,ATL,DAL,5.77,8.0,0.6793,True,2.2300000000000004,169.7,158.0,11.699999999999989,Medium,43,43
2025-05-25,ATL,CON,-3.81,24.0,0.3785,False,27.81,154.6,134.0,20.599999999999994,Medium,44,43
2025-05-25,LA,CHI,1.72,13.0,0.5555,True,11.28,156.9,169.0,12.099999999999994,Low,44,42
2025-05-25,PHX,WAS,3.27,6.0,0.6048,True,2.73,158.9,130.0,28.900000000000006,Medium,43,44
2025-05-25,SEA,LV,2.26,20.0,0.5728,True,17.740000000000002,160.5,184.0,23.5,Low,43,43
2025-05-27,CON,DAL,11.81,-22.0,0.8229,False,33.81,163.5,196.0,32.5,High,44,44
2025-05-27,NY,GSV,9.14,28.0,0.7665,True,18.86,157.3,162.0,4.699999999999989,High,44,3
2025-05-28,MIN,SEA,4.46,5.0,0.6411,True,0.54,159.7,159.0,0.6999999999999886,Medium,45,44
2025-05-28,LA,ATL,-1.31,-6.0,0.4574,True,4.6899999999999995,156.2,170.0,13.800000000000011,Low,45,45
2025-05-28,PHX,CHI,5.22,5.0,0.6634,True,0.21999999999999975,158.6,183.0,24.400000000000006,Medium,44,43
2025-05-28,WAS,IND,0.99,6.0,0.5321,True,5.01,167.5,160.0,7.5,Low,45,44
2025-05-29,NY,GSV,11.33,5.0,0.8135,True,6.33,156.0,159.0,3.0,High,45,4
2025-05-30,CHI,DAL,2.26,5.0,0.5729,True,2.74,168.6,189.0,20.400000000000006,Low,44,45
2025-05-30,IND,CON,-2.58,-2.0,0.4168,True,0.5800000000000001,165.2,168.0,2.8000000000000114,Low,45,45
2025-05-30,WAS,NY,-6.21,-22.0,0.3085,True,15.79,163.1,148.0,15.099999999999994,Medium,46,46
2025-05-31,LV,LA,11.63,15.0,0.8193,True,3.369999999999999,163.5,177.0,13.5,High,44,46
2025-05-31,PHX,MIN,-5.1,-3.0,0.3402,True,2.0999999999999996,159.5,145.0,14.5,Medium,45,46
2025-05-31,SEA,ATL,6.56,-7.0,0.7011,False,13.559999999999999,158.9,181.0,22.099999999999994,High,45,46
2025-06-01,DAL,CHI,1.55,-11.0,0.5502,False,12.55,169.4,177.0,7.599999999999994,Low,46,45
2025-06-01,NY,CON,6.27,48.0,0.6933,True,41.730000000000004,161.2,152.0,9.199999999999989,Medium,47,46
2025-06-01,LA,PHX,-0.15,-5.0,0.4952,True,4.85,159.9,165.0,5.099999999999994,Low,47,46
2025-06-01,SEA,LV,2.46,-5.0,0.5791,False,7.46,165.0,145.0,20.0,Low,46,45
2025-06-02,GSV,MIN,-4.67,-11.0,0.3528,True,6.33,151.2,161.0,9.800000000000011,Medium,5,47
2025-06-03,IND,WAS,3.12,9.0,0.6002,True,5.88,165.7,161.0,4.699999999999989,Medium,46,47
2025-06-04,MIN,PHX,9.04,23.0,0.764,True,13.96,159.7,153.0,6.699999999999989,High,48,47
2025-06-04,SEA,DAL,11.05,6.0,0.8079,True,5.050000000000001,170.5,160.0,10.5,High,47,47
2025-06-05,WAS,NY,-9.39,-8.0,0.2278,True,1.3900000000000006,162.3,164.0,1.6999999999999886,High,48,48
2025-06-06,PHX,GSV,2.52,9.0,0.5811,True,6.48,152.5,163.0,10.5,Low,48,6
2025-06-06,CON,ATL,5.34,8.0,0.667,True,2.66,156.5,160.0,3.5,Medium,47,47
2025-06-07,DAL,LA,1.07,-14.0,0.5348,False,15.07,169.6,172.0,2.4000000000000057,Low,48,48
2025-06-07,GSV,LV,-5.85,27.0,0.3185,False,32.85,158.8,163.0,4.199999999999989,Medium,7,46
2025-06-08,CHI,IND,-1.11,-27.0,0.4641,True,25.89,168.0,131.0,37.0,Low,46,47
2025-06-08,PHX,SEA,-3.52,-12.0,0.3875,True,8.48,159.4,166.0,6.599999999999994,Medium,49,48
2025-06-08,WAS,CON,-2.7,37.0,0.4133,False,39.7,156.7,171.0,14.300000000000011,Low,49,48
2025-06-08,DAL,MIN,-10.49,-16.0,0.2036,True,5.51,166.5,146.0,20.5,High,49,49
2025-06-10,LA,GSV,-0.92,-8.0,0.4701,True,7.08,156.6,170.0,13.400000000000006,Low,49,8
2025-06-10,ATL,IND,1.86,19.0,0.5602,True,17.14,165.4,135.0,30.400000000000006,Low,48,48
2025-06-11,NY,CHI,15.96,19.0,0.8885,True,3.039999999999999,163.3,151.0,12.300000000000011,High,49,47
2025-06-12,LV,LA,11.19,-8.0,0.8107,False,19.189999999999998,165.8,186.0,20.19999999999999,High,47,50
2025-06-12,PHX,DAL,6.02,13.0,0.6863,True,6.98,165.8,173.0,7.199999999999989,Medium,50,50
2025-06-12,SEA,MIN,-0.64,10.0,0.4793,False,10.64,159.0,178.0,19.0,Low,49,50
2025-06-13,ATL,CHI,6.04,18.0,0.6867,True,11.96,157.7,158.0,0.30000000000001137,Medium,49,48
2025-06-14,LV,DAL,11.99,4.0,0.8262,True,7.99,170.8,172.0,1.1999999999999886,High,48,51
2025-06-14,MIN,LA,12.17,23.0,0.8296,True,10.83,163.9,179.0,15.099999999999994,High,51,51
2025-06-14,IND,NY,-7.97,14.0,0.262,False,21.97,165.3,190.0,24.69999999999999,High,49,50
2025-06-15,GSV,SEA,-1.8,6.0,0.4418,False,7.8,159.5,146.0,13.5,Low,9,50
2025-06-15,CON,CHI,9.41,-12.0,0.7726,False,21.41,157.1,144.0,13.099999999999994,High,49,49
2025-06-15,WAS,ATL,1.48,-33.0,0.5478,False,34.48,158.2,145.0,13.199999999999989,Low,50,50
2025-06-15,LV,PHX,6.61,-6.0,0.7026,False,12.61,165.9,146.0,19.900000000000006,High,49,51
2025-06-17,IND,CON,-0.26,17.0,0.4915,False,17.26,161.3,159.0,2.3000000000000114,Low,50,50
2025-06-17,NY,ATL,10.15,5.0,0.7892,True,5.15,162.1,167.0,4.900000000000006,High,51,51
2025-06-18,CHI,WAS,-0.72,-7.0,0.4765,True,6.28,156.8,151.0,5.800000000000011,Low,50,51
2025-06-18,DAL,GSV,-3.09,9.0,0.401,False,12.09,164.4,151.0,13.400000000000006,Low,52,10
2025-06-18,MIN,LV,4.83,14.0,0.652,True,9.17,164.4,138.0,26.400000000000006,Medium,52,50
2025-06-18,LA,SEA,-6.13,-31.0,0.3107,True,24.87,165.3,165.0,0.30000000000001137,Medium,52,51
2025-06-18,CON,PHX,4.18,-8.0,0.6327,False,12.18,157.0,158.0,1.0,Medium,51,52
2025-06-19,NY,PHX,13.04,-8.0,0.8448,False,21.04,163.4,170.0,6.599999999999994,High,52,53
2025-06-20,GSV,IND,1.16,11.0,0.5375,True,9.84,161.0,165.0,4.0,Low,11,51
2025-06-20,ATL,WAS,3.91,1.0,0.6244,True,2.91,154.4,183.0,28.599999999999994,Medium,52,52
2025-06-20,CON,DAL,8.81,-3.0,0.7588,False,11.81,163.8,169.0,5.199999999999989,High,52,53
2025-06-21,LV,SEA,1.23,-7.0,0.54,False,8.23,164.5,173.0,8.5,Low,51,52
2025-06-21,CHI,PHX,-1.84,-21.0,0.4406,True,19.16,160.5,193.0,32.5,Low,51,54
2025-06-22,MIN,LA,13.25,16.0,0.8484,True,2.75,163.1,148.0,15.099999999999994,High,53,53
2025-06-22,ATL,CHI,8.26,13.0,0.7454,True,4.74,157.7,173.0,15.300000000000011,High,53,52
2025-06-22,WAS,DAL,5.42,3.0,0.6692,True,2.42,164.5,179.0,14.5,Medium,53,54
2025-06-22,LV,IND,5.51,8.0,0.6718,True,2.49,166.3,170.0,3.6999999999999886,Medium,52,52
2025-06-22,SEA,NY,-2.85,10.0,0.4085,False,12.85,166.7,168.0,1.3000000000000114,Low,53,53
2025-06-23,GSV,CON,0.4,24.0,0.513,True,23.6,156.7,150.0,6.699999999999989,Low,12,53
2025-06-25,WAS,MIN,-6.07,4.0,0.3123,False,10.07,158.1,132.0,26.099999999999994,Medium,54,54
2025-06-25,CHI,LA,1.89,11.0,0.5611,True,9.11,163.2,183.0,19.80000000000001,Low,53,54
2025-06-25,DAL,ATL,-3.62,13.0,0.3843,False,16.62,165.1,123.0,42.099999999999994,Medium,55,54
2025-06-25,SEA,IND,6.62,-8.0,0.7029,False,14.620000000000001,165.7,180.0,14.300000000000011,High,54,53
2025-06-26,GSV,NY,-5.08,-3.0,0.3408,True,2.08,162.0,159.0,3.0,Medium,13,54
2025-06-26,LV,CON,4.08,26.0,0.6296,True,21.92,163.0,144.0,19.0,Medium,53,54
2025-06-26,IND,LA,8.51,-10.0,0.7515,False,18.509999999999998,166.5,160.0,6.5,High,54,55
2025-06-27,LV,WAS,7.21,-11.0,0.7185,False,18.21,161.9,177.0,15.099999999999994,High,54,55
2025-06-27,ATL,MIN,-3.93,-4.0,0.3749,True,0.06999999999999984,156.8,188.0,31.19999999999999,Medium,55,55
2025-06-27,DAL,IND,-1.72,-8.0,0.4443,True,6.28,166.4,180.0,13.599999999999994,Low,56,55
2025-06-28,GSV,CHI,7.29,5.0,0.7206,True,2.29,158.6,161.0,2.4000000000000057,High,14,54
2025-06-28,PHX,NY,-6.13,15.0,0.3108,False,21.13,165.3,197.0,31.69999999999999,Medium,55,55
2025-06-28,SEA,CON,5.17,16.0,0.6619,True,10.83,160.2,178.0,17.80000000000001,Medium,55,55
2025-06-29,DAL,WAS,-1.53,8.0,0.4503,False,9.53,163.4,150.0,13.400000000000006,Low,57,56
2025-06-29,ATL,NY,-4.08,9.0,0.3703,False,13.08,163.2,171.0,7.800000000000011,Medium,56,56
2025-06-29,LA,CHI,3.84,-7.0,0.6224,False,10.84,162.0,177.0,15.0,Medium,56,55
2025-06-29,PHX,LV,-1.84,-3.0,0.4406,True,1.16,166.6,165.0,1.5999999999999943,Low,56,55
2025-06-29,MIN,CON,8.89,39.0,0.7606,True,30.11,156.0,165.0,9.0,High,56,56
2025-06-30,GSV,SEA,-1.22,27.0,0.4606,False,28.22,161.6,141.0,20.599999999999994,Low,15,56
2025-07-02,MIN,IND,8.65,-15.0,0.7549,False,23.65,164.0,133.0,31.0,High,57,56
2025-07-03,IND,LV,-2.09,27.0,0.4326,False,29.09,166.2,135.0,31.19999999999999,Low,57,56
2025-07-03,NY,LA,14.59,10.0,0.8695,True,4.59,169.0,168.0,1.0,High,57,57
2025-07-03,ATL,SEA,-1.33,-1.0,0.457,True,0.33000000000000007,161.9,159.0,2.9000000000000057,Low,57,57
2025-07-04,DAL,PHX,-2.54,9.0,0.4181,False,11.54,167.2,187.0,19.80000000000001,Low,58,57
2025-07-04,MIN,WAS,9.25,17.0,0.7689,True,7.75,158.8,167.0,8.199999999999989,High,58,57
2025-07-05,IND,LA,7.68,-2.0,0.7308,False,9.68,166.4,176.0,9.599999999999994,High,58,58
2025-07-06,MIN,GSV,6.04,11.0,0.6868,True,4.96,157.4,153.0,4.400000000000006,Medium,59,16
2025-07-06,NY,SEA,5.75,-9.0,0.6786,False,14.75,168.7,149.0,19.69999999999999,Medium,58,58
2025-07-06,CON,LV,-0.42,-18.0,0.4863,True,17.58,159.9,154.0,5.900000000000006,Low,57,57
2025-07-06,MIN,CHI,12.49,5.0,0.8354,True,7.49,159.2,155.0,4.199999999999989,High,59,56
2025-07-07,ATL,GSV,2.79,9.0,0.5898,True,6.21,155.6,171.0,15.400000000000006,Low,58,17
2025-07-08,PHX,DAL,6.22,30.0,0.6919,True,23.78,169.0,174.0,5.0,Medium,58,59
2025-07-08,WAS,CHI,5.48,2.0,0.671,True,3.4800000000000004,160.2,160.0,0.19999999999998863,Medium,58,57
2025-07-09,NY,LV,6.16,9.0,0.6902,True,2.84,166.5,165.0,1.5,Medium,59,58
2025-07-09,CON,SEA,-2.01,10.0,0.435,False,12.01,159.6,176.0,16.400000000000006,Low,58,59
2025-07-09,IND,GSV,1.95,-19.0,0.563,False,20.95,161.9,141.0,20.900000000000006,Low,59,18
2025-07-09,PHX,MIN,-5.47,8.0,0.3295,False,13.469999999999999,164.5,150.0,14.5,Medium,59,61
2025-07-10,CHI,DAL,2.09,11.0,0.5677,True,8.91,165.4,163.0,2.4000000000000057,Low,58,60
2025-07-10,LA,MIN,-7.5,-9.0,0.2738,True,1.5,161.0,173.0,12.0,High,59,62
2025-07-10,WAS,LV,-1.42,2.0,0.4541,False,3.42,160.0,138.0,22.0,Low,59,59
2025-07-11,IND,ATL,1.13,17.0,0.5367,True,15.870000000000001,162.7,181.0,18.30000000000001,Low,60,59
2025-07-12,SEA,CON,5.69,14.0,0.6769,True,8.309999999999999,159.9,144.0,15.900000000000006,Medium,60,59
2025-07-12,CHI,MIN,-8.7,6.0,0.2439,False,14.7,160.1,168.0,7.900000000000006,High,59,63
2025-07-12,LV,GSV,3.2,2.0,0.6024,True,1.2000000000000002,157.1,206.0,48.900000000000006,Medium,60,19
2025-07-13,IND,DAL,7.72,19.0,0.7317,True,11.280000000000001,167.6,185.0,17.400000000000006,High,61,61
2025-07-13,NY,ATL,9.56,7.0,0.776,True,2.5600000000000005,166.9,151.0,15.900000000000006,High,60,60
2025-07-13,LA,CON,-0.42,4.0,0.4865,False,4.42,160.7,180.0,19.30000000000001,Low,60,60
2025-07-13,SEA,WAS,6.65,-5.0,0.7036,False,11.65,160.6,143.0,17.599999999999994,High,61,60
2025-07-15,CHI,MIN,-8.41,-13.0,0.2511,True,4.59,161.5,169.0,7.5,High,60,64
2025-07-15,GSV,PHX,2.92,-1.0,0.5938,False,3.92,164.4,155.0,9.400000000000006,Low,20,60
2025-07-16,CON,IND,0.85,-8.0,0.5278,False,8.85,162.5,162.0,0.5,Low,61,62
2025-07-16,LA,WAS,-1.23,19.0,0.4602,False,20.23,162.2,179.0,16.80000000000001,Low,61,61
2025-07-16,CHI,ATL,-2.89,-37.0,0.407,True,34.11,163.5,135.0,28.5,Low,61,61
2025-07-16,MIN,PHX,9.73,13.0,0.78,True,3.2699999999999996,164.6,145.0,19.599999999999994,High,65,61
2025-07-16,SEA,GSV,5.92,9.0,0.6833,True,3.08,159.8,125.0,34.80000000000001,Medium,62,21
2025-07-16,NY,IND,8.91,21.0,0.761,True,12.09,168.4,175.0,6.599999999999994,High,61,62
2025-07-17,DAL,LV,-6.52,-4.0,0.3,True,2.5199999999999996,167.8,176.0,8.199999999999989,High,62,61
2025-07-22,WAS,LA,4.68,-7.0,0.6475,False,11.68,163.4,179.0,15.599999999999994,Medium,62,62
2025-07-23,NY,IND,9.28,14.0,0.7697,True,4.720000000000001,168.4,182.0,13.599999999999994,High,62,64
2025-07-23,MIN,CHI,13.1,23.0,0.8458,True,9.9,159.9,159.0,0.9000000000000057,High,66,62
2025-07-23,LV,ATL,4.3,15.0,0.6363,True,10.7,163.3,159.0,4.300000000000011,Medium,62,62
2025-07-23,SEA,DAL,11.12,-24.0,0.8093,False,35.12,165.0,150.0,15.0,High,63,63
2025-07-24,PHX,ATL,3.35,-11.0,0.6073,False,14.35,162.8,169.0,6.199999999999989,Medium,62,63
2025-07-24,CON,LA,6.15,-15.0,0.6899,False,21.15,163.2,187.0,23.80000000000001,Medium,62,63
2025-07-24,IND,LV,0.29,10.0,0.5095,True,9.71,166.3,150.0,16.30000000000001,Low,65,63
2025-07-25,CHI,SEA,-6.21,-38.0,0.3084,True,31.79,158.4,152.0,6.400000000000006,Medium,63,64
2025-07-25,NY,PHX,11.18,13.0,0.8105,True,1.8200000000000003,169.1,165.0,4.099999999999994,High,63,63
2025-07-25,MIN,LV,7.21,31.0,0.7185,True,23.79,161.5,187.0,25.5,High,67,64
2025-07-26,GSV,DAL,8.54,10.0,0.7521,True,1.4600000000000009,162.5,162.0,0.5,High,22,64
2025-07-26,NY,LA,13.95,-2.0,0.8598,False,15.95,171.4,200.0,28.599999999999994,High,64,64
2025-07-26,WAS,SEA,-1.64,11.0,0.447,False,12.64,156.5,127.0,29.5,Low,63,65
2025-07-27,CON,GSV,1.73,31.0,0.556,True,29.27,156.6,159.0,2.4000000000000057,Low,63,23
2025-07-27,CHI,IND,-4.05,-15.0,0.3712,True,10.95,161.8,171.0,9.199999999999989,Medium,64,66
2025-07-27,DAL,LV,-5.71,-26.0,0.3226,True,20.29,167.5,186.0,18.5,Medium,65,65
2025-07-27,WAS,PHX,0.77,-16.0,0.525,False,16.77,161.9,160.0,1.9000000000000057,Low,64,64
2025-07-27,MIN,ATL,8.35,-4.0,0.7476,False,12.35,160.8,176.0,15.199999999999989,High,68,64
2025-07-28,CON,SEA,-1.8,-16.0,0.4419,True,14.2,155.6,186.0,30.400000000000006,Low,64,66
2025-07-29,DAL,NY,-11.25,10.0,0.1882,False,21.25,173.2,174.0,0.8000000000000114,High,66,65
2025-07-29,ATL,GSV,2.05,-2.0,0.5664,False,4.05,158.9,152.0,6.900000000000006,Low,65,24
2025-07-29,WAS,CHI,5.65,17.0,0.6759,True,11.35,157.2,189.0,31.80000000000001,Medium,65,65
2025-07-30,LA,LV,-4.99,-15.0,0.3432,True,10.01,170.7,163.0,7.699999999999989,Medium,65,66
2025-07-30,IND,PHX,2.82,6.0,0.5908,True,3.18,167.7,208.0,40.30000000000001,Low,67,65
2025-07-31,DAL,ATL,-3.45,-3.0,0.3896,True,0.4500000000000002,166.1,173.0,6.900000000000006,Medium,67,66
2025-07-31,MIN,NY,2.47,7.0,0.5795,True,4.529999999999999,167.6,193.0,25.400000000000006,Low,69,66
2025-07-31,WAS,GSV,-0.05,-1.0,0.4984,True,0.95,156.4,135.0,21.400000000000006,Low,66,25
2025-08-01,ATL,PHX,2.85,23.0,0.5916,True,20.15,163.8,167.0,3.1999999999999886,Low,67,66
2025-08-01,CON,NY,-3.6,16.0,0.3851,False,19.6,167.3,140.0,27.30000000000001,Medium,65,67
2025-08-01,CHI,GSV,-2.15,-7.0,0.4305,True,4.85,155.4,139.0,16.400000000000006,Low,66,26
2025-08-01,DAL,IND,-3.89,-10.0,0.3761,True,6.109999999999999,174.2,166.0,8.199999999999989,Medium,68,68
2025-08-02,SEA,LA,10.52,-2.0,0.7969,False,12.52,164.3,214.0,49.69999999999999,High,67,66
2025-08-02,LV,MIN,-2.11,-53.0,0.4317,True,50.89,168.0,169.0,1.0,Low,67,70
2025-08-03,CON,NY,-4.94,-9.0,0.3447,True,4.06,165.6,165.0,0.5999999999999943,Medium,66,68
2025-08-03,ATL,WAS,4.35,16.0,0.6378,True,11.65,158.8,182.0,23.19999999999999,Medium,68,67
2025-08-03,SEA,IND,5.04,-4.0,0.6581,False,9.04,166.3,152.0,14.300000000000011,Medium,68,69
2025-08-03,CHI,PHX,-3.24,-16.0,0.3963,True,12.76,162.5,150.0,12.5,Medium,67,67
2025-08-03,LV,GSV,3.42,24.0,0.6095,True,20.58,161.5,178.0,16.5,Medium,68,27
2025-08-05,NY,DAL,13.77,9.0,0.857,True,4.77,172.5,161.0,11.5,High,69,69
2025-08-06,CHI,WAS,-2.02,14.0,0.4348,False,16.02,157.2,142.0,15.199999999999989,Low,68,68
2025-08-06,LA,IND,-3.09,9.0,0.401,False,12.09,175.3,191.0,15.699999999999989,Low,67,70
2025-08-06,PHX,CON,2.13,16.0,0.5687,True,13.870000000000001,162.5,148.0,14.5,Low,68,67
2025-08-06,SEA,MIN,-1.87,-4.0,0.4395,True,2.13,163.4,178.0,14.599999999999994,Low,69,71
2025-08-07,GSV,LV,-0.33,-6.0,0.4894,True,5.67,162.3,150.0,12.300000000000011,Low,28,69
2025-08-08,CHI,ATL,-5.07,-21.0,0.3409,True,15.93,158.5,151.0,7.5,Medium,69,69
2025-08-08,LA,CON,-1.08,11.0,0.465,False,12.08,168.8,193.0,24.19999999999999,Low,68,68
2025-08-08,PHX,IND,1.12,35.0,0.5363,True,33.88,169.1,155.0,14.099999999999994,Low,69,71
2025-08-08,DAL,NY,-10.44,-11.0,0.2048,True,0.5600000000000005,171.9,165.0,6.900000000000006,High,70,70
2025-08-08,MIN,WAS,11.15,4.0,0.8099,True,7.15,163.1,156.0,7.099999999999994,High,72,69
2025-08-09,LV,SEA,1.03,4.0,0.5333,True,2.9699999999999998,165.7,176.0,10.300000000000011,Low,70,70
2025-08-10,IND,CHI,8.29,22.0,0.7461,True,13.71,163.3,162.0,1.3000000000000114,High,72,70
2025-08-10,GSV,LA,5.53,13.0,0.6725,True,7.47,166.6,131.0,35.599999999999994,Medium,29,69
2025-08-10,NY,MIN,1.34,-12.0,0.5433,False,13.34,170.6,154.0,16.599999999999994,Low,71,73
2025-08-10,DAL,WAS,-1.05,-13.0,0.4661,True,11.95,164.6,169.0,4.400000000000006,Low,71,70
2025-08-10,PHX,ATL,0.97,-8.0,0.5316,False,8.97,161.8,140.0,21.80000000000001,Low,70,70
2025-08-11,LA,SEA,-5.29,3.0,0.3346,False,8.29,169.1,185.0,15.900000000000006,Medium,70,71
2025-08-11,LV,CON,5.32,8.0,0.6663,True,2.6799999999999997,165.5,180.0,14.5,Medium,71,69
2025-08-12,GSV,CON,4.35,17.0,0.6378,True,12.65,155.0,131.0,24.0,Medium,30,70
2025-08-12,IND,DAL,8.02,-1.0,0.7394,False,9.02,171.7,161.0,10.699999999999989,High,73,72
2025-08-13,LA,NY,-8.7,-8.0,0.2439,True,0.6999999999999993,174.4,202.0,27.599999999999994,High,71,72
2025-08-13,CON,CHI,6.08,9.0,0.688,True,2.92,156.5,133.0,23.5,Medium,71,71
2025-08-13,WAS,GSV,1.54,-5.0,0.5497,False,6.54,152.2,171.0,18.80000000000001,Low,71,31
2025-08-14,LV,NY,-0.29,6.0,0.4907,False,6.29,171.1,160.0,11.099999999999994,Low,72,73
2025-08-14,SEA,ATL,3.89,-10.0,0.6238,False,13.89,161.8,160.0,1.8000000000000114,Medium,72,71
2025-08-15,IND,WAS,4.35,-4.0,0.6377,False,8.35,165.4,172.0,6.599999999999994,Medium,74,72
2025-08-15,CHI,GSV,-4.46,-31.0,0.3591,True,26.54,151.3,149.0,2.3000000000000114,Medium,72,32
2025-08-15,DAL,LA,0.66,-1.0,0.5216,False,1.6600000000000001,174.3,193.0,18.69999999999999,Low,73,72
2025-08-16,ATL,SEA,0.36,-2.0,0.5118,False,2.36,163.7,158.0,5.699999999999989,Low,72,73
2025-08-16,PHX,LV,0.03,-3.0,0.501,False,3.03,166.6,169.0,2.4000000000000057,Low,71,73
2025-08-16,MIN,NY,3.68,6.0,0.6173,True,2.32,170.0,166.0,4.0,Medium,74,74
2025-08-17,CON,IND,1.17,-6.0,0.5379,False,7.17,164.3,192.0,27.69999999999999,Low,72,75
2025-08-17,WAS,LA,3.92,9.0,0.6247,True,5.08,169.4,181.0,11.599999999999994,Medium,73,73
2025-08-17,LV,DAL,10.1,19.0,0.7881,True,8.9,172.2,193.0,20.80000000000001,High,74,74
2025-08-17,SEA,PHX,6.3,-3.0,0.6939,False,9.3,164.8,167.0,2.1999999999999886,Medium,74,72
2025-08-18,GSV,ATL,2.1,-16.0,0.5678,False,18.1,154.9,142.0,12.900000000000006,Low,33,73
2025-08-19,NY,MIN,0.8,10.0,0.526,True,9.2,168.7,160.0,8.699999999999989,Low,75,75
2025-08-19,WAS,CON,1.47,-11.0,0.5476,False,12.47,160.3,149.0,11.300000000000011,Low,74,73
2025-08-20,CHI,SEA,-6.66,-6.0,0.2961,True,0.6600000000000001,160.1,182.0,21.900000000000006,High,73,75
2025-08-20,LV,ATL,3.21,2.0,0.6029,True,1.21,165.7,146.0,19.69999999999999,Medium,75,74
2025-08-20,GSV,PHX,2.96,-7.0,0.5949,False,9.96,155.8,189.0,33.19999999999999,Low,34,73
2025-08-21,LA,DAL,3.45,1.0,0.6102,True,2.45,177.2,161.0,16.19999999999999,Medium,74,75
2025-08-21,CON,WAS,2.77,11.0,0.5891,True,8.23,159.5,123.0,36.5,Low,74,75
2025-08-21,NY,CHI,16.01,-6.0,0.8891,False,22.01,161.2,176.0,14.800000000000011,High,76,74
2025-08-21,ATL,MIN,-3.5,2.0,0.3883,False,5.5,162.4,148.0,14.400000000000006,Medium,75,76
2025-08-22,LV,PHX,4.68,22.0,0.6475,True,17.32,167.8,144.0,23.80000000000001,Medium,76,74
2025-08-22,IND,MIN,-3.01,-5.0,0.4034,True,1.9900000000000002,169.9,185.0,15.099999999999994,Low,76,77
2025-08-22,DAL,SEA,-6.5,-35.0,0.3006,True,28.5,172.4,155.0,17.400000000000006,Medium,76,76
2025-08-23,PHX,GSV,0.45,9.0,0.5147,True,8.55,157.5,153.0,4.5,Low,75,35
2025-08-23,ATL,NY,-2.58,16.0,0.4169,False,18.58,162.3,140.0,22.30000000000001,Low,76,77
2025-08-23,WAS,LV,-1.62,-10.0,0.4474,True,8.379999999999999,162.0,172.0,10.0,Low,76,77
2025-08-23,CHI,CON,-3.16,-10.0,0.3986,True,6.84,153.9,178.0,24.099999999999994,Medium,75,75
2025-08-24,WAS,SEA,-3.27,-2.0,0.3954,True,1.27,164.7,166.0,1.3000000000000114,Medium,77,77
2025-08-24,DAL,GSV,-2.82,-9.0,0.4094,True,6.18,160.7,171.0,10.300000000000011,Low,77,36
2025-08-24,MIN,IND,8.9,13.0,0.7608,True,4.1,171.2,181.0,9.800000000000011,High,78,77
2025-08-25,NY,CON,8.47,2.0,0.7504,True,6.470000000000001,162.0,160.0,2.0,High,78,76
2025-08-26,CHI,LV,-7.45,-5.0,0.2751,True,2.45,161.5,153.0,8.5,High,76,78
2025-08-26,IND,SEA,-1.27,20.0,0.4588,False,21.27,170.1,170.0,0.09999999999999432,Low,78,78
2025-08-27,LA,PHX,-1.28,-8.0,0.4585,True,6.72,169.0,176.0,7.0,Low,75,76
2025-08-27,ATL,LV,2.48,-6.0,0.5798,False,8.48,159.8,156.0,3.8000000000000114,Low,77,79
2025-08-28,DAL,CON,-2.74,-6.0,0.4119,True,3.26,163.4,196.0,32.599999999999994,Low,78,77
2025-08-28,NY,WAS,9.84,26.0,0.7823,True,16.16,163.0,152.0,11.0,High,79,78
2025-08-29,MIN,SEA,6.56,-14.0,0.7012,False,20.56,167.9,172.0,4.099999999999994,High,79,79
2025-08-29,PHX,CHI,8.41,4.0,0.7489,True,4.41,158.3,162.0,3.6999999999999886,High,77,77
2025-08-29,ATL,DAL,10.41,22.0,0.7946,True,11.59,162.5,178.0,15.5,High,78,79
2025-08-30,LA,IND,-2.51,-1.0,0.4192,True,1.5099999999999998,175.9,151.0,24.900000000000006,Low,76,79
2025-08-30,CON,MIN,-3.96,-24.0,0.374,True,20.04,162.1,164.0,1.9000000000000057,Medium,78,80
2025-08-31,GSV,WAS,5.51,37.0,0.6719,True,31.490000000000002,156.4,161.0,4.599999999999994,Medium,37,79
2025-08-31,SEA,CHI,11.37,10.0,0.8143,True,1.3699999999999992,161.8,148.0,13.800000000000011,High,80,78
2025-08-31,PHX,NY,-4.07,17.0,0.3706,False,21.07,164.6,143.0,21.599999999999994,Medium,78,80
2025-09-01,LA,WAS,2.15,3.0,0.5694,True,0.8500000000000001,165.6,159.0,6.599999999999994,Low,77,80
2025-09-01,GSV,IND,3.18,12.0,0.6019,True,8.82,163.4,138.0,25.400000000000006,Medium,38,80
2025-09-01,CON,ATL,-0.55,-17.0,0.4821,True,16.45,155.2,169.0,13.800000000000011,Low,79,79
2025-09-02,MIN,DAL,15.2,25.0,0.8783,True,9.8,170.4,167.0,3.4000000000000057,High,81,80
2025-09-02,SEA,LA,10.41,-6.0,0.7946,False,16.41,168.0,176.0,8.0,High,81,78
2025-09-03,GSV,NY,-1.87,8.0,0.4396,False,9.870000000000001,158.9,124.0,34.900000000000006,Low,39,81
2025-09-03,PHX,IND,2.01,6.0,0.565,True,3.99,165.8,164.0,1.8000000000000114,Low,79,81
2025-09-03,ATL,LA,8.81,11.0,0.7586,True,2.1899999999999995,161.9,161.0,0.9000000000000057,High,80,79
2025-09-04,CHI,CON,-3.0,24.0,0.4036,False,27.0,156.3,152.0,4.300000000000011,Low,79,80
2025-09-04,WAS,PHX,0.85,-6.0,0.5277,False,6.85,159.7,144.0,15.699999999999989,Low,81,80
2025-09-05,GSV,DAL,9.76,4.0,0.7804,True,5.76,163.0,164.0,1.0,High,40,81
2025-09-05,LV,MIN,-1.62,10.0,0.4475,False,11.620000000000001,166.6,184.0,17.400000000000006,Low,80,82
2025-09-05,ATL,LA,7.73,19.0,0.7321,True,11.27,164.4,189.0,24.599999999999994,High,81,80
2025-09-05,IND,CHI,9.67,20.0,0.7785,True,10.33,162.5,174.0,11.5,High,82,80
2025-09-06,SEA,NY,-0.51,-8.0,0.4833,True,7.49,164.1,160.0,4.099999999999994,Low,82,82
2025-09-06,CON,PHX,0.27,3.0,0.5087,True,2.73,160.1,171.0,10.900000000000006,Low,81,81
2025-09-07,GSV,MIN,-2.78,-6.0,0.4107,True,3.22,160.8,150.0,10.800000000000011,Low,41,83
2025-09-07,WAS,IND,-1.19,-29.0,0.4615,True,27.81,163.8,159.0,4.800000000000011,Low,82,83
2025-09-07,LA,DAL,4.13,14.0,0.6311,True,9.870000000000001,173.6,168.0,5.599999999999994,Medium,81,82
2025-09-08,LV,CHI,11.37,14.0,0.8144,True,2.630000000000001,162.7,146.0,16.69999999999999,High,81,81
2025-09-08,ATL,CON,5.34,25.0,0.667,True,19.66,159.3,149.0,10.300000000000011,Medium,82,82
2025-09-09,NY,WAS,10.6,9.0,0.7987,True,1.5999999999999996,157.9,141.0,16.900000000000006,High,83,83
2025-09-09,IND,MIN,-4.51,11.0,0.3574,False,15.51,169.2,155.0,14.199999999999989,Medium,84,84
2025-09-10,LV,CHI,11.55,31.0,0.8179,True,19.45,161.9,153.0,8.900000000000006,High,82,82
2025-09-10,PHX,LA,6.16,-5.0,0.6901,False,11.16,166.9,171.0,4.099999999999994,Medium,82,82
2025-09-10,SEA,GSV,3.15,1.0,0.6011,True,2.15,158.8,147.0,11.800000000000011,Medium,83,42
2025-09-10,CON,ATL,-1.81,-16.0,0.4414,True,14.19,157.6,160.0,2.4000000000000057,Low,83,83
2025-09-12,CHI,NY,-10.17,-5.0,0.2104,True,5.17,158.5,177.0,18.5,High,83,84
2025-09-12,DAL,PHX,-3.95,21.0,0.3745,False,24.95,168.8,173.0,4.199999999999989,Medium,83,83
2025-09-12,MIN,GSV,6.77,19.0,0.7068,True,12.23,159.3,125.0,34.30000000000001,High,85,43
2025-09-12,LA,LV,-5.42,-28.0,0.3309,True,22.58,167.5,178.0,10.5,Medium,83,83
2026-05-08,NY,CON,8.67,31.0,0.7553,True,22.33,158.9,181.0,22.099999999999994,High,85,84
2026-05-09,SEA,GSV,4.13,-11.0,0.6312,False,15.129999999999999,157.4,171.0,13.599999999999994,Medium,84,44
2026-05-09,IND,DAL,9.56,-3.0,0.7761,False,12.56,171.7,211.0,39.30000000000001,High,85,84
2026-05-09,LV,PHX,5.76,-33.0,0.679,False,38.76,164.1,165.0,0.9000000000000057,Medium,84,84
2026-05-10,MIN,ATL,5.63,-1.0,0.6751,False,6.63,161.5,181.0,19.5,Medium,86,84
2026-05-10,CON,SEA,-1.5,-7.0,0.4515,True,5.5,162.5,171.0,8.5,Low,85,85
2026-05-10,WAS,NY,-6.86,-5.0,0.2908,True,1.8600000000000003,156.4,191.0,34.599999999999994,High,85,86
2026-05-10,LA,LV,-3.7,-27.0,0.382,True,23.3,166.0,183.0,17.0,Medium,84,85
2026-05-11,GSV,PHX,3.1,16.0,0.5993,True,12.9,156.4,174.0,17.599999999999994,Low,45,85
2026-05-13,DAL,ATL,-6.34,-5.0,0.3049,True,1.3399999999999999,168.1,149.0,19.099999999999994,Medium,85,85
2026-05-13,PHX,MIN,-4.62,-4.0,0.3543,True,0.6200000000000001,165.5,172.0,6.5,Medium,86,87
2026-05-14,CON,LV,-3.65,-29.0,0.3836,True,25.35,164.1,167.0,2.9000000000000057,Medium,86,86
2026-05-14,GSV,CHI,9.59,-6.0,0.7768,False,15.59,154.7,132.0,22.69999999999999,High,46,85
2026-05-14,LA,IND,-3.11,-9.0,0.4002,True,5.890000000000001,171.1,165.0,6.099999999999994,Low,85,86
2026-05-15,DAL,MIN,-10.89,-4.0,0.1953,True,6.890000000000001,169.7,176.0,6.300000000000011,High,86,88
2026-05-15,CON,LV,-2.92,-7.0,0.4062,True,4.08,164.4,195.0,30.599999999999994,Low,87,87
2026-05-15,IND,WAS,5.33,-2.0,0.6666,False,7.33,163.1,206.0,42.900000000000006,Medium,87,86
2026-05-16,PHX,CHI,8.37,8.0,0.748,True,0.3699999999999992,159.5,174.0,14.5,High,87,86
2026-05-17,ATL,LV,1.33,-1.0,0.543,False,2.33,165.4,169.0,3.5999999999999943,Low,86,88
2026-05-17,IND,SEA,-0.63,11.0,0.4794,False,11.63,167.7,167.0,0.6999999999999886,Low,88,87
2026-05-17,MIN,CHI,15.95,-7.0,0.8883,False,22.95,159.9,165.0,5.099999999999994,High,89,87
2026-05-17,LA,TOR,-1.57,-10.0,0.4492,True,8.43,165.9,202.0,36.099999999999994,Low,87,3
2026-05-19,DAL,WAS,-0.58,23.0,0.4812,False,23.58,166.3,161.0,5.300000000000011,Low,87,87
2026-05-19,POR,CON,2.55,1.0,0.582,True,1.5499999999999998,170.2,165.0,5.199999999999989,Low,3,88
2026-05-20,PHX,TOR,0.95,-8.0,0.5309,False,8.95,173.5,188.0,14.5,Low,88,4
2026-05-20,IND,POR,6.76,17.0,0.7066,True,10.24,177.3,163.0,14.300000000000011,High,89,4
2026-05-21,CHI,DAL,1.66,-10.0,0.5536,False,11.66,165.1,188.0,22.900000000000006,Low,88,88
2026-05-21,SEA,CON,7.46,-2.0,0.725,False,9.46,162.6,158.0,4.599999999999994,High,88,89
2026-05-22,NY,GSV,6.1,-17.0,0.6884,False,23.1,157.4,157.0,0.4000000000000057,Medium,89,47
2026-05-22,MIN,TOR,8.01,28.0,0.7391,True,19.990000000000002,172.7,172.0,0.6999999999999886,High,90,5
2026-05-22,PHX,LA,5.84,-9.0,0.6812,False,14.84,171.7,185.0,13.300000000000011,Medium,89,88
2026-05-22,ATL,DAL,11.71,17.0,0.8209,True,5.289999999999999,167.5,155.0,12.5,High,87,89
2026-05-22,IND,GSV,0.76,8.0,0.5245,True,7.24,159.8,172.0,12.199999999999989,Low,90,47
2026-05-23,SEA,CON,6.77,18.0,0.7068,True,11.23,162.0,136.0,26.0,High,89,90
2026-05-23,CHI,MIN,-9.44,-10.0,0.2266,True,0.5600000000000005,161.4,160.0,1.4000000000000057,High,89,91
2026-05-23,TOR,POR,4.4,-19.0,0.6391,False,23.4,177.8,179.0,1.1999999999999886,Medium,6,5
2026-05-24,LV,LA,10.82,-6.0,0.8032,False,16.82,173.5,196.0,22.5,High,89,89
2026-05-24,ATL,PHX,4.56,2.0,0.6441,True,2.5599999999999996,166.2,162.0,4.199999999999989,Medium,88,90
2026-05-24,NY,DAL,13.64,-15.0,0.8549,False,28.64,169.7,167.0,2.6999999999999886,High,90,90
2026-05-24,SEA,WAS,7.17,12.0,0.7174,True,4.83,159.1,182.0,22.900000000000006,High,90,88
2026-05-26,NY,POR,9.47,-7.0,0.7741,False,16.47,174.9,155.0,19.900000000000006,High,91,6
2026-05-26,GSV,CON,5.95,27.0,0.6844,True,21.05,154.8,167.0,12.199999999999989,Medium,49,91
2026-05-27,NY,PHX,6.85,10.0,0.709,True,3.1500000000000004,170.7,158.0,12.699999999999989,High,92,91
2026-05-28,CHI,TOR,-3.4,-7.0,0.3914,True,3.6,167.5,215.0,47.5,Medium,90,7
2026-05-28,MIN,ATL,6.08,15.0,0.6879,True,8.92,163.1,177.0,13.900000000000006,Medium,92,89
2026-05-28,POR,CON,3.89,10.0,0.6237,True,6.109999999999999,166.5,132.0,34.5,Medium,7,92
2026-05-28,SEA,WAS,7.95,-14.0,0.7375,False,21.95,161.3,142.0,19.30000000000001,High,91,89
2026-05-29,DAL,LV,-7.42,8.0,0.2761,False,15.42,172.7,182.0,9.300000000000011,High,91,90
2026-05-29,GSV,IND,2.51,2.0,0.5808,True,0.5099999999999998,163.7,178.0,14.300000000000011,Low,50,91
2026-05-29,NY,PHX,7.59,7.0,0.7283,True,0.5899999999999999,170.1,143.0,27.099999999999994,High,93,92
2026-05-29,WAS,LA,2.1,-5.0,0.568,False,7.1,168.6,179.0,10.400000000000006,Low,90,90
2026-05-29,CHI,MIN,-9.62,-21.0,0.2226,True,11.38,162.7,137.0,25.69999999999999,High,91,93
2026-05-30,POR,ATL,-0.91,-20.0,0.4704,True,19.09,165.4,152.0,13.400000000000006,Low,8,90
2026-05-30,TOR,SEA,-1.53,21.0,0.4505,False,22.53,173.3,165.0,8.300000000000011,Low,8,92
2026-05-30,CON,LA,4.13,3.0,0.6309,True,1.13,167.3,165.0,2.3000000000000114,Medium,93,91
2026-05-31,POR,IND,-0.56,16.0,0.4819,False,16.56,170.6,184.0,13.400000000000006,Low,9,92
2026-05-31,GSV,LV,0.61,-10.0,0.5199,False,10.61,163.9,172.0,8.099999999999994,Low,51,91
2026-06-02,DAL,SEA,-5.64,23.0,0.3245,False,28.64,166.9,135.0,31.900000000000006,Medium,92,93
2026-06-02,PHX,MIN,-5.19,-34.0,0.3375,True,28.81,165.4,188.0,22.599999999999994,Medium,93,94
2026-06-02,ATL,CON,7.18,16.0,0.7177,True,8.82,160.0,166.0,6.0,High,91,94
2026-06-02,WAS,CHI,5.08,18.0,0.6594,True,12.92,160.8,162.0,1.1999999999999886,Medium,91,92
2026-06-03,GSV,POR,4.47,18.0,0.6413,True,13.530000000000001,162.5,172.0,9.5,Medium,52,10
2026-06-03,LA,LV,-5.88,-10.0,0.3177,True,4.12,176.5,148.0,28.5,Medium,92,92
2026-06-03,NY,TOR,7.48,15.0,0.7256,True,7.52,174.9,179.0,4.099999999999994,High,94,9
2026-06-04,SEA,PHX,4.58,-4.0,0.6445,False,8.58,164.1,140.0,24.099999999999994,Medium,94,94
2026-06-04,IND,ATL,0.65,12.0,0.5211,True,11.35,168.1,154.0,14.099999999999994,Low,93,92
2026-06-05,MIN,GSV,6.85,3.0,0.709,True,3.8499999999999996,161.8,171.0,9.199999999999989,High,95,53
2026-06-05,CHI,CON,-1.34,5.0,0.4565,False,6.34,159.8,165.0,5.199999999999989,Low,93,95
2026-06-06,LA,DAL,2.94,-8.0,0.5943,False,10.94,173.7,200.0,26.30000000000001,Low,93,93
2026-06-06,POR,PHX,1.02,-6.0,0.5331,False,7.02,167.5,150.0,17.5,Low,11,95
2026-06-06,MIN,SEA,7.09,20.0,0.7155,True,12.91,163.0,156.0,7.0,High,96,95
2026-06-06,LV,GSV,5.39,5.0,0.6683,True,0.3899999999999997,167.1,163.0,4.099999999999994,Medium,93,54
2026-06-06,ATL,WAS,6.77,32.0,0.7069,True,25.23,160.9,186.0,25.099999999999994,High,93,92
2026-06-07,NY,IND,6.78,8.0,0.7072,True,1.2199999999999998,173.1,158.0,15.099999999999994,High,95,94
2026-06-07,TOR,CHI,9.17,17.0,0.767,True,7.83,172.4,153.0,19.400000000000006,High,10,94
2026-06-07,LA,POR,0.82,17.0,0.5266,True,16.18,170.3,161.0,9.300000000000011,Low,94,12
2026-06-08,CON,NY,-4.5,-9.0,0.3578,True,4.5,162.5,169.0,6.5,Medium,96,96
2026-06-08,WAS,IND,-0.97,-2.0,0.4684,True,1.03,168.7,154.0,14.699999999999989,Low,93,95
2026-06-09,LV,SEA,3.85,10.0,0.6224,True,6.15,165.0,192.0,27.0,Medium,94,96
2026-06-09,CHI,ATL,-7.03,-7.0,0.2863,True,0.03000000000000025,161.3,157.0,4.300000000000011,High,95,94
2026-06-10,MIN,DAL,14.48,24.0,0.8679,True,9.52,170.2,176.0,5.800000000000011,High,97,94
2026-06-10,GSV,PHX,4.27,6.0,0.6354,True,1.7300000000000004,163.0,168.0,5.0,Medium,55,96
2026-06-10,TOR,CON,5.67,4.0,0.6763,True,1.67,170.5,208.0,37.5,Medium,11,97
2026-06-11,SEA,LA,7.0,-5.0,0.713,False,12.0,167.5,171.0,3.5,High,97,95
2026-06-11,IND,CHI,9.55,8.0,0.7758,True,1.5500000000000007,166.7,220.0,53.30000000000001,High,96,96
2026-06-11,ATL,NY,-0.59,-14.0,0.4808,True,13.41,164.4,194.0,29.599999999999994,Low,95,97
2026-06-12,DAL,PHX,-2.61,15.0,0.4161,False,17.61,167.9,155.0,12.900000000000006,Low,95,97
2026-06-12,POR,LV,-3.56,-16.0,0.3863,True,12.44,168.7,194.0,25.30000000000001,Medium,13,95
2026-06-12,WAS,TOR,-1.55,1.0,0.4498,False,2.55,176.2,171.0,5.199999999999989,Low,94,12
2026-06-13,SEA,GSV,1.65,-4.0,0.5534,False,5.65,159.5,148.0,11.5,Low,98,56
2026-06-13,CON,IND,-2.04,-10.0,0.434,True,7.96,167.1,160.0,7.099999999999994,Low,98,97
2026-06-14,LV,MIN,-2.34,3.0,0.4245,False,5.34,171.9,197.0,25.099999999999994,Low,96,98
2026-06-14,POR,DAL,3.97,1.0,0.6263,True,2.97,167.9,167.0,0.9000000000000057,Medium,14,96
2026-06-14,PHX,LA,5.22,-9.0,0.6633,False,14.219999999999999,170.3,213.0,42.69999999999999,Medium,98,96
2026-06-14,NY,WAS,10.8,22.0,0.8028,True,11.2,167.2,150.0,17.19999999999999,High,98,95
2026-06-14,TOR,ATL,-0.42,-25.0,0.4864,True,24.58,175.2,179.0,3.8000000000000114,Low,13,96
2026-06-16,DAL,LV,-7.05,30.0,0.2858,False,37.05,174.6,162.0,12.599999999999994,High,97,97
2026-06-16,MIN,POR,12.14,33.0,0.8289,True,20.86,167.0,181.0,14.0,High,99,15
2026-06-16,GSV,LA,7.58,20.0,0.7282,True,12.42,169.8,136.0,33.80000000000001,High,57,97
2026-06-16,IND,TOR,3.62,22.0,0.6154,True,18.38,176.8,204.0,27.19999999999999,Medium,98,14
2026-06-17,CON,WAS,2.26,-7.0,0.5729,False,9.26,160.7,169.0,8.300000000000011,Low,99,96
2026-06-18,CHI,NY,-9.65,-1.0,0.2218,True,8.65,165.4,191.0,25.599999999999994,High,97,99
2026-06-18,GSV,DAL,8.66,11.0,0.755,True,2.34,165.1,171.0,5.900000000000006,High,58,98
2026-06-18,LA,MIN,-9.61,-16.0,0.2227,True,6.390000000000001,172.1,182.0,9.900000000000006,High,98,99
2026-06-18,PHX,LV,-1.69,-10.0,0.4452,True,8.31,171.0,162.0,9.0,Low,99,98
2026-06-18,POR,SEA,-3.98,5.0,0.3734,False,8.98,161.4,183.0,21.599999999999994,Medium,16,99
2026-06-18,IND,ATL,-0.42,-7.0,0.4862,True,6.58,170.2,209.0,38.80000000000001,Low,99,97
2026-06-19,CON,TOR,-0.34,-4.0,0.4888,True,3.66,172.2,198.0,25.80000000000001,Low,99,15
2026-06-19,NY,WAS,10.98,-3.0,0.8066,False,13.98,164.7,169.0,4.300000000000011,High,99,97
2026-06-20,GSV,MIN,-2.92,-6.0,0.4061,True,3.08,165.3,156.0,9.300000000000011,Low,59,99
2026-06-20,ATL,IND,3.74,17.0,0.6193,True,13.26,173.7,209.0,35.30000000000001,Medium,98,99
2026-06-20,PHX,SEA,-0.33,20.0,0.4893,False,20.33,162.5,166.0,3.5,Low,99,99
2026-06-21,DAL,CHI,4.23,1.0,0.6342,True,3.2300000000000004,167.9,185.0,17.099999999999994,Medium,99,98
2026-06-21,LV,GSV,5.05,19.0,0.6584,True,13.95,166.6,165.0,1.5999999999999943,Medium,99,60
2026-06-21,MIN,WAS,12.72,-5.0,0.8394,False,17.72,166.1,163.0,3.0999999999999943,High,99,98
2026-06-22,LA,NY,-7.6,1.0,0.2714,False,8.6,170.8,195.0,24.19999999999999,High,99,99
2026-06-22,CON,CHI,6.64,29.0,0.7034,True,22.36,163.8,155.0,8.800000000000011,High,99,99
2026-06-22,ATL,TOR,6.49,7.0,0.6992,True,0.5099999999999998,180.1,181.0,0.9000000000000057,Medium,99,16
2026-06-23,IND,PHX,4.04,9.0,0.6284,True,4.96,172.8,163.0,9.800000000000011,Medium,99,99
2026-06-23,SEA,DAL,8.22,-2.0,0.7443,False,10.22,165.6,222.0,56.400000000000006,High,99,99
2026-06-24,LV,NY,0.35,-11.0,0.5114,False,11.35,172.2,163.0,9.199999999999989,Low,99,99
2026-06-24,IND,PHX,5.65,-2.0,0.6757,False,7.65,171.6,220.0,48.400000000000006,Medium,99,99
2026-06-24,WAS,MIN,-8.46,-2.0,0.2499,True,6.460000000000001,165.1,154.0,11.099999999999994,High,99,99
2026-06-25,CHI,POR,-1.89,23.0,0.439,False,24.89,166.7,179.0,12.300000000000011,Low,99,17
2026-06-25,GSV,ATL,1.04,11.0,0.5338,True,9.96,165.2,143.0,22.19999999999999,Low,61,99
2026-06-25,TOR,LA,4.81,28.0,0.6515,True,23.19,180.6,222.0,41.400000000000006,Medium,17,99
2026-06-26,LV,DAL,10.41,15.0,0.7947,True,4.59,173.8,183.0,9.199999999999989,High,99,99
2026-06-26,SEA,NY,-1.78,11.0,0.4424,False,12.78,168.2,187.0,18.80000000000001,Low,99,99
2026-06-26,CON,WAS,2.49,11.0,0.5802,True,8.51,161.4,125.0,36.400000000000006,Low,99,99
2026-06-26,CHI,POR,0.75,30.0,0.5245,True,29.25,166.2,218.0,51.80000000000001,Low,99,18
2026-06-27,GSV,ATL,1.23,3.0,0.5399,True,1.77,163.7,153.0,10.699999999999989,Low,62,99
2026-06-27,TOR,PHX,2.45,-9.0,0.5789,False,11.45,179.2,169.0,10.199999999999989,Low,18,99
2026-06-28,IND,LA,7.98,24.0,0.7382,True,16.02,179.9,198.0,18.099999999999994,High,99,99
2026-06-28,SEA,ATL,2.03,15.0,0.5656,True,12.97,168.1,195.0,26.900000000000006,Low,99,99
2026-06-28,DAL,MIN,-10.95,-8.0,0.1942,True,2.9499999999999993,172.9,162.0,10.900000000000006,High,99,99
2026-06-28,WAS,POR,3.62,1.0,0.6156,True,2.62,166.5,247.0,80.5,Medium,99,19
2026-06-28,CHI,LV,-8.18,-8.0,0.2567,True,0.17999999999999972,171.3,206.0,34.69999999999999,High,99,99
2026-06-28,GSV,NY,-0.94,9.0,0.4694,False,9.94,164.4,143.0,21.400000000000006,Low,63,99
2026-06-30,NY,LV,3.74,8.0,0.6191,True,4.26,174.1,178.0,3.9000000000000057,Medium,99,99
2026-07-02,WAS,ATL,-3.83,5.0,0.3782,False,8.83,168.2,157.0,11.199999999999989,Medium,99,99
2026-07-03,CON,DAL,4.0,-3.0,0.627,False,7.0,168.8,169.0,0.19999999999998863,Medium,99,99
2026-07-03,PHX,SEA,-0.26,23.0,0.4914,False,23.26,169.5,157.0,12.5,Low,99,99
2026-07-03,NY,MIN,-0.89,13.0,0.4711,False,13.89,170.8,185.0,14.199999999999989,Low,99,99
2026-07-04,LV,CHI,11.35,8.0,0.8139,True,3.3499999999999996,175.2,188.0,12.800000000000011,High,99,99
2026-07-04,ATL,GSV,1.88,-5.0,0.5608,False,6.88,162.0,171.0,9.0,Low,99,64
2026-07-05,SEA,POR,7.63,-5.0,0.7295,False,12.629999999999999,177.1,149.0,28.099999999999994,High,99,20
2026-07-05,TOR,DAL,7.24,-13.0,0.7194,False,20.240000000000002,181.1,165.0,16.099999999999994,High,19,99
2026-07-05,LV,IND,3.21,-16.0,0.6029,False,19.21,181.5,152.0,29.5,Medium,99,99
2026-07-06,WAS,GSV,-2.45,-13.0,0.4212,True,10.55,157.4,111.0,46.400000000000006,Low,99,65
2026-07-07,MIN,CON,12.17,-1.0,0.8295,False,13.17,165.5,179.0,13.5,High,99,99
2026-07-07,LA,SEA,-2.84,-18.0,0.4086,True,15.16,175.2,146.0,29.19999999999999,Low,99,99
2026-07-08,NY,DAL,13.07,-11.0,0.8454,False,24.07,174.3,165.0,9.300000000000011,High,99,99
2026-07-08,PHX,CHI,8.26,-11.0,0.7454,False,19.259999999999998,171.9,143.0,28.900000000000006,High,99,99
2026-07-08,TOR,GSV,-1.58,-8.0,0.4488,True,6.42,168.8,158.0,10.800000000000011,Low,20,66
2026-07-08,CON,MIN,-7.04,-6.0,0.286,True,1.04,166.2,166.0,0.19999999999998863,High,99,99
2026-07-09,LA,IND,-5.3,14.0,0.3342,False,19.3,182.3,198.0,15.699999999999989,Medium,99,99
2026-07-10,ATL,SEA,4.08,11.0,0.6296,True,6.92,170.3,167.0,3.3000000000000114,Medium,99,99
2026-07-10,PHX,IND,1.02,-3.0,0.5331,False,4.02,178.1,181.0,2.9000000000000057,Low,99,99
2026-07-10,POR,LV,-6.23,-8.0,0.308,True,1.7699999999999996,177.7,168.0,9.699999999999989,Medium,21,99
2026-07-10,CON,GSV,-3.62,-15.0,0.3844,True,11.379999999999999,156.3,143.0,13.300000000000011,Medium,99,67
2026-07-10,TOR,DAL,5.62,-13.0,0.675,False,18.62,180.8,203.0,22.19999999999999,Medium,21,99
2026-07-11,LA,CHI,4.36,15.0,0.6379,True,10.64,176.2,189.0,12.800000000000011,Medium,99,99
2026-07-11,MIN,NY,4.07,5.0,0.6293,True,0.9299999999999997,171.3,175.0,3.6999999999999886,Medium,99,99
2026-07-11,ATL,POR,10.97,-10.0,0.8064,False,20.97,175.4,194.0,18.599999999999994,High,99,22
2026-07-11,LV,PHX,6.77,48.0,0.7068,True,41.230000000000004,170.9,164.0,6.900000000000006,High,99,99
2026-07-12,TOR,NY,-3.54,2.0,0.3869,False,5.54,178.2,184.0,5.800000000000011,Medium,22,99
2026-07-12,WAS,SEA,-1.39,5.0,0.455,False,6.39,163.1,163.0,0.09999999999999432,Low,99,99
2026-07-12,DAL,CHI,5.77,5.0,0.6793,True,0.7699999999999996,175.9,187.0,11.099999999999994,Medium,99,99
2026-07-13,LV,IND,3.99,-34.0,0.6269,False,37.99,179.1,184.0,4.900000000000006,Medium,99,99
2026-07-13,ATL,LA,9.28,9.0,0.7696,True,0.27999999999999936,176.6,193.0,16.400000000000006,High,99,99
2026-07-14,MIN,PHX,9.62,4.0,0.7774,True,5.619999999999999,169.7,204.0,34.30000000000001,High,99,99
2026-07-14,CON,POR,2.13,3.0,0.5688,True,0.8700000000000001,172.5,177.0,4.5,Low,99,23
2026-07-14,TOR,WAS,3.62,-17.0,0.6156,False,20.62,173.4,141.0,32.400000000000006,Medium,23,99
2026-07-15,CHI,SEA,-5.05,5.0,0.3416,False,10.05,171.3,185.0,13.699999999999989,Medium,99,99
2026-07-15,MIN,LA,13.37,9.0,0.8504,True,4.369999999999999,176.7,183.0,6.300000000000011,High,99,99
2026-07-16,IND,GSV,1.14,-13.0,0.5371,False,14.14,169.0,163.0,6.0,Low,99,68
2026-07-16,WAS,POR,3.38,-19.0,0.6082,False,22.38,170.3,131.0,39.30000000000001,Medium,99,24
2026-07-17,IND,SEA,3.52,3.0,0.6124,True,0.52,177.3,217.0,39.69999999999999,Medium,99,99
2026-07-17,TOR,ATL,-3.19,-19.0,0.3977,True,15.81,178.2,203.0,24.80000000000001,Medium,24,99
2026-07-17,CHI,LA,-0.63,14.0,0.4797,False,14.63,177.2,178.0,0.8000000000000114,Low,99,99
2026-07-18,PHX,CON,5.52,-13.0,0.672,False,18.52,164.6,179.0,14.400000000000006,Medium,99,99
2026-07-19,IND,NY,-0.66,20.0,0.4786,False,20.66,179.1,196.0,16.900000000000006,Low,99,99
2026-07-19,MIN,POR,12.73,8.0,0.8395,True,4.73,175.5,194.0,18.5,High,99,25
2026-07-19,GSV,WAS,7.15,5.0,0.7169,True,2.1500000000000004,152.1,143.0,9.099999999999994,High,69,99
2026-07-19,DAL,LA,2.45,8.0,0.5791,True,5.55,181.5,172.0,9.5,Low,99,99
2026-07-19,ATL,CHI,11.48,2.0,0.8165,True,9.48,172.4,184.0,11.599999999999994,High,99,99
2026-07-19,PHX,CON,6.47,9.0,0.6986,True,2.5300000000000002,165.1,135.0,30.099999999999994,Medium,99,99
2026-07-21,TOR,LV,-5.13,-26.0,0.3393,True,20.87,178.4,192.0,13.599999999999994,Medium,25,99
2026-07-21,DAL,NY,-6.74,-1.0,0.2939,True,5.74,177.3,197.0,19.69999999999999,High,99,99
2026-07-21,GSV,WAS,7.07,-8.0,0.7149,False,15.07,150.8,172.0,21.19999999999999,High,70,99
2026-07-21,SEA,MIN,-3.53,-3.0,0.3871,True,0.5299999999999998,173.2,207.0,33.80000000000001,Medium,99,99
2026-07-22,LA,PHX,-1.6,-4.0,0.4481,True,2.4,175.9,168.0,7.900000000000006,Low,99,99
2026-07-22,SEA,MIN,-2.91,-10.0,0.4064,True,7.09,173.6,162.0,11.599999999999994,Low,99,99
2026-07-22,NY,CHI,12.04,1.0,0.8271,True,11.04,175.4,189.0,13.599999999999994,High,99,99
2026-07-22,WAS,LV,-3.15,1.0,0.3989,False,4.15,164.3,199.0,34.69999999999999,Medium,99,99
2026-07-23,IND,CON,9.09,35.0,0.7653,True,25.91,171.8,211.0,39.19999999999999,High,99,99
2026-07-23,POR,DAL,2.88,-4.0,0.5927,False,6.88,180.8,198.0,17.19999999999999,Low,26,99
